Date,Open,High,Low,Close,Volume
12/23/2019,280.53,284.25,280.3735,284,24677883
12/20/2019,282.23,282.65,278.56,279.44,69032743
12/19/2019,279.5,281.18,278.95,280.02,24626947
12/18/2019,279.8,281.9,279.12,279.74,29024687
12/17/2019,279.57,281.77,278.8,280.41,28575798
12/16/2019,277,280.79,276.98,279.86,32081105
12/13/2019,271.46,275.3,270.93,275.15,33432806
12/12/2019,267.78,272.5599,267.321,271.46,34437042
12/11/2019,268.81,271.1,268.5,270.77,19723391
12/10/2019,268.6,270.07,265.86,268.48,22632383
12/9/2019,270,270.8,264.91,266.92,31125769
12/6/2019,267.48,271,267.3,270.71,26547493
12/5/2019,263.79,265.89,262.73,265.58,18661343
12/4/2019,261.07,263.31,260.68,261.74,16810388
12/3/2019,258.31,259.53,256.29,259.45,29377268
12/2/2019,267.27,268.25,263.45,264.16,23693550
11/29/2019,266.6,268,265.9,267.25,11654363
11/27/2019,265.58,267.98,265.31,267.84,16386122
11/26/2019,266.94,267.16,262.5,264.29,26334882
11/25/2019,262.71,266.44,262.52,266.37,21029517
11/22/2019,262.59,263.18,260.84,261.78,16331263
11/21/2019,263.69,264.005,261.18,262.01,30348778
11/20/2019,265.54,266.083,260.4,263.19,26609919
11/19/2019,267.9,268,265.3926,266.29,19069597
11/18/2019,265.8,267.43,264.23,267.1,21700897
11/15/2019,263.68,265.78,263.01,265.76,25093666
11/14/2019,263.75,264.88,262.1,262.64,22395556
11/13/2019,261.13,264.78,261.07,264.47,25817593
11/12/2019,261.55,262.79,260.92,261.96,21847226
11/11/2019,258.3,262.47,258.28,262.2,20507459
11/8/2019,258.69,260.44,256.85,260.14,17520495
11/7/2019,258.74,260.35,258.11,259.43,23602709
11/6/2019,256.77,257.49,255.365,257.24,18966124
11/5/2019,257.05,258.19,256.32,257.13,19974427
11/4/2019,257.33,257.845,255.38,257.5,25817952
11/1/2019,249.54,255.93,249.16,255.82,37500672
10/31/2019,247.24,249.17,237.26,248.76,34790520
10/30/2019,244.76,245.3,241.21,243.26,31130522
10/29/2019,248.97,249.75,242.57,243.29,35709867
10/28/2019,247.42,249.25,246.72,249.05,24143241
10/25/2019,243.16,246.73,242.88,246.58,18369296
10/24/2019,244.51,244.8,241.805,243.58,17916255
10/23/2019,242.1,243.24,241.22,243.18,19932545
10/22/2019,241.16,242.2,239.6218,239.96,22684001
10/21/2019,237.52,240.99,237.32,240.51,21811567
10/18/2019,234.59,237.58,234.29,236.41,24248023
10/17/2019,235.09,236.15,233.52,235.28,17272897
10/16/2019,233.37,235.24,233.2,234.37,19286694
10/15/2019,236.39,237.65,234.88,235.32,23040483
10/14/2019,234.9,238.1342,234.6701,235.87,24413484
10/11/2019,232.95,237.64,232.3075,236.21,41990210
10/10/2019,227.93,230.44,227.3,230.09,28962984
10/9/2019,227.03,227.79,225.64,227.03,19029424
10/8/2019,225.82,228.06,224.33,224.4,29282700
10/7/2019,226.27,229.93,225.84,227.06,30889269
10/4/2019,225.64,227.49,223.89,227.01,34755553
10/3/2019,218.43,220.96,215.132,220.82,30352686
10/2/2019,223.06,223.58,217.93,218.96,35767257
10/1/2019,225.07,228.22,224.2,224.59,36187163
9/30/2019,220.9,224.58,220.79,223.97,26318583
9/27/2019,220.54,220.96,217.2814,218.82,25361285
9/26/2019,220,220.94,218.83,219.89,19088312
9/25/2019,218.55,221.5,217.1402,221.03,22481006
9/24/2019,221.055,222.49,217.19,217.68,31434367
9/23/2019,218.95,219.84,217.65,218.72,19419648
9/20/2019,221.38,222.56,217.473,217.73,57977094
9/19/2019,222.01,223.76,220.37,220.96,22187876
9/18/2019,221.06,222.85,219.44,222.77,25643093
9/17/2019,219.96,220.82,219.12,220.7,18386468
9/16/2019,217.73,220.13,217.56,219.9,21158141
9/13/2019,220,220.79,217.02,218.75,39763296
9/12/2019,224.8,226.42,222.86,223.085,32226669
9/11/2019,218.07,223.71,217.73,223.59,44289646
9/10/2019,213.86,216.78,211.71,216.7,31777931
9/9/2019,214.84,216.44,211.07,214.17,27309401
9/6/2019,214.05,214.42,212.51,213.26,19232085
9/5/2019,212,213.97,211.51,213.28,23946984
9/4/2019,208.39,209.48,207.32,209.19,19216820
9/3/2019,206.43,206.98,204.22,205.7,20059574
8/30/2019,210.16,210.45,207.2,208.74,21162561
8/29/2019,208.5,209.32,206.655,209.01,21007652
8/28/2019,204.1,205.72,203.32,205.53,15957632
8/27/2019,207.86,208.55,203.53,204.16,25897344
8/26/2019,205.86,207.19,205.0573,206.49,26066130
8/23/2019,209.43,212.051,201,202.64,46882843
8/22/2019,213.19,214.435,210.75,212.46,22267819
8/21/2019,212.99,213.65,211.6032,212.64,21564747
8/20/2019,210.88,213.35,210.32,210.36,26919529
8/19/2019,210.62,212.7307,210.025,210.35,24431915
8/16/2019,204.28,207.16,203.84,206.5,28813624
8/15/2019,203.46,205.14,199.67,201.74,27883363
8/14/2019,203.16,206.44,202.5869,202.75,36547443
8/13/2019,201.02,212.14,200.83,208.97,47539786
8/12/2019,199.62,202.0516,199.15,200.48,22481889
8/9/2019,201.3,202.76,199.29,200.99,24619746
8/8/2019,200.2,203.53,199.39,203.43,27009523
8/7/2019,195.41,199.56,193.82,199.04,33364400
8/6/2019,196.31,198.067,194.04,197,35824787
8/5/2019,197.99,198.649,192.58,193.34,52392969
8/2/2019,205.53,206.43,201.63,204.02,40862122
8/1/2019,213.9,218.03,206.7435,208.43,54017922
7/31/2019,216.42,221.37,211.3,213.04,69281361
7/30/2019,208.76,210.16,207.31,208.78,33935718
7/29/2019,208.46,210.64,208.44,209.68,21673389
7/26/2019,207.48,209.73,207.14,207.74,17618874
7/25/2019,208.89,209.24,206.73,207.02,13909562
7/24/2019,207.67,209.15,207.17,208.67,14991567
7/23/2019,208.46,208.91,207.29,208.84,18355210
7/22/2019,203.65,207.23,203.61,207.22,22277932
7/19/2019,205.79,206.5,202.36,202.59,20929307
7/18/2019,204,205.88,203.7,205.66,18582161
7/17/2019,204.05,205.0915,203.27,203.35,14107450
7/16/2019,204.59,206.11,203.5,204.5,16866816
7/15/2019,204.09,205.87,204,205.21,16947420
7/12/2019,202.45,204,202.2,203.3,17595212
7/11/2019,203.31,204.39,201.71,201.75,20191842
7/10/2019,201.85,203.73,201.56,203.23,17897138
7/9/2019,199.2,201.51,198.81,201.24,20578015
7/8/2019,200.81,201.4,198.41,200.02,25338628
7/5/2019,203.35,205.08,202.9,204.23,17265518
7/3/2019,203.28,204.44,202.6901,204.41,11362045
7/2/2019,201.41,203.1323,201.36,202.73,16935217
7/1/2019,203.17,204.49,200.65,201.55,27316739
6/28/2019,198.68,199.495,197.05,197.92,31110642
6/27/2019,200.29,201.57,199.57,199.74,20899717
6/26/2019,197.77,200.99,197.35,199.8,26067512
6/25/2019,198.43,199.26,195.29,195.57,21070334
6/24/2019,198.54,200.16,198.17,198.58,18220421
6/21/2019,198.8,200.85,198.15,198.78,47800589
6/20/2019,200.37,200.61,198.03,199.46,21513988
6/19/2019,199.68,199.88,197.31,197.87,21124235
6/18/2019,196.05,200.29,195.21,198.45,26551004
6/17/2019,192.9,194.96,192.17,193.89,14669144
6/14/2019,191.545,193.5863,190.3,192.74,18761474
6/13/2019,194.7,196.79,193.6,194.15,21674625
6/12/2019,193.95,195.97,193.385,194.19,18253189
6/11/2019,194.86,196,193.6,194.81,26932882
6/10/2019,191.81,195.37,191.62,192.58,26220851
6/7/2019,186.51,191.92,185.77,190.15,30684393
6/6/2019,183.08,185.47,182.1489,185.22,22526311
6/5/2019,184.28,184.99,181.14,182.54,29773427
6/4/2019,175.44,179.83,174.52,179.64,30967961
6/3/2019,175.6,177.92,170.27,173.3,40396069
5/31/2019,176.23,177.99,174.99,175.07,27043584
5/30/2019,177.95,179.23,176.67,178.3,21218412
5/29/2019,176.42,179.35,176,177.38,28481165
5/28/2019,178.92,180.59,177.91,178.23,27948160
5/24/2019,180.2,182.14,178.62,178.97,23714686
5/23/2019,179.8,180.54,177.81,179.66,36529736
5/22/2019,184.66,185.71,182.55,182.78,29748556
5/21/2019,185.22,188,184.7,186.6,28364848
5/20/2019,183.52,184.349,180.2839,183.09,38612290
5/17/2019,186.93,190.9,186.76,189,32879090
5/16/2019,189.91,192.4689,188.84,190.08,33031364
5/15/2019,186.27,191.75,186.02,190.92,26544718
5/14/2019,186.41,189.7,185.41,188.66,36529677
5/13/2019,187.71,189.48,182.85,185.72,57430623
5/10/2019,197.419,198.85,192.77,197.18,41208712
5/9/2019,200.4,201.68,196.66,200.72,34908607
5/8/2019,201.9,205.34,201.75,202.9,26339504
5/7/2019,205.88,207.4175,200.825,202.86,38763698
5/6/2019,204.29,208.84,203.5,208.48,32443113
5/3/2019,210.89,211.84,210.23,211.75,20892378
5/2/2019,209.84,212.65,208.13,209.15,31996324
5/1/2019,209.88,215.31,209.23,210.52,64827328
4/30/2019,203.06,203.4,199.11,200.67,46534923
4/29/2019,204.4,205.97,203.86,204.61,22204716
4/26/2019,204.9,205,202.12,204.3,18649102
4/25/2019,206.83,207.76,205.12,205.28,18543206
4/24/2019,207.36,208.48,207.05,207.16,17540609
4/23/2019,204.43,207.75,203.9,207.48,23322991
4/22/2019,202.83,204.94,202.34,204.53,19439545
4/18/2019,203.12,204.15,202.52,203.86,24195766
4/17/2019,199.54,203.38,198.61,203.13,28906780
4/16/2019,199.46,201.37,198.56,199.25,25696385
4/15/2019,198.58,199.85,198.01,199.23,17536646
4/12/2019,199.2,200.14,196.21,198.87,27542517
4/11/2019,200.85,201,198.4431,198.95,20900808
4/10/2019,198.68,200.74,198.18,200.62,21695288
4/9/2019,200.32,202.85,199.23,199.5,35768237
4/8/2019,196.42,200.23,196.34,200.1,25881697
4/5/2019,196.45,197.1,195.93,197,18526644
4/4/2019,194.79,196.37,193.14,195.69,19114275
4/3/2019,193.25,196.5,193.15,195.35,23271830
4/2/2019,191.09,194.46,191.05,194.02,22765732
4/1/2019,191.64,191.68,188.38,191.24,27861964
3/29/2019,189.83,190.08,188.54,189.95,23563961
3/28/2019,188.95,189.559,187.53,188.72,20780363
3/27/2019,188.75,189.76,186.55,188.47,29848427
3/26/2019,191.664,192.88,184.58,186.79,49800538
3/25/2019,191.51,191.98,186.6,188.74,43845293
3/22/2019,195.34,197.69,190.78,191.05,42407666
3/21/2019,190.02,196.33,189.81,195.09,49607192
3/20/2019,186.23,189.49,184.73,188.16,31035231
3/19/2019,188.35,188.99,185.92,186.53,31646369
3/18/2019,185.8,188.39,185.79,188.02,26219832
3/15/2019,184.85,187.33,183.74,186.12,39042912
3/14/2019,183.9,184.1,182.56,183.73,23379980
3/13/2019,182.25,183.3,180.92,181.71,31032524
3/12/2019,180,182.67,179.37,180.91,32467584
3/11/2019,175.49,179.12,175.35,178.9,32011034
3/8/2019,170.32,173.07,169.5,172.91,23999358
3/7/2019,173.87,174.44,172.02,172.5,24796374
3/6/2019,174.67,175.49,173.94,174.52,20810384
3/5/2019,175.94,176,174.54,175.53,19737419
3/4/2019,175.69,177.75,173.97,175.85,27436203
3/1/2019,174.28,175.15,172.89,174.97,25886167
2/28/2019,174.32,174.91,172.92,173.15,28215416
2/27/2019,173.21,175,172.73,174.87,27835389
2/26/2019,173.71,175.3,173.1732,174.33,17070211
2/25/2019,174.16,175.87,173.95,174.23,21873358
2/22/2019,171.58,173,171.38,172.97,18913154
2/21/2019,171.8,172.37,170.3,171.06,17249670
2/20/2019,171.19,173.32,170.99,172.03,26114362
2/19/2019,169.71,171.44,169.49,170.93,18972826
2/15/2019,171.25,171.7,169.75,170.42,24626814
2/14/2019,169.71,171.2615,169.38,170.8,21835747
2/13/2019,171.39,172.48,169.92,170.18,22490233
2/12/2019,170.1,171,169.7,170.89,22283523
2/11/2019,171.05,171.21,169.25,169.43,20993425
2/8/2019,168.99,170.66,168.42,170.41,23819966
2/7/2019,172.4,173.94,170.34,170.94,31741690
2/6/2019,174.65,175.57,172.8531,174.24,28239591
2/5/2019,172.86,175.08,172.3501,174.18,36101628
2/4/2019,167.41,171.655,167.28,171.25,31495582
2/1/2019,166.96,168.98,165.93,166.52,32668138
1/31/2019,166.11,169,164.56,166.44,40739649
1/30/2019,163.25,166.15,160.23,165.25,61109780
1/29/2019,156.25,158.13,154.11,154.68,41587239
1/28/2019,155.79,156.33,153.66,156.3,26192058
1/25/2019,155.48,158.13,154.32,157.76,33547893
1/24/2019,154.11,154.48,151.74,152.7,25441549
1/23/2019,154.15,155.14,151.7,153.92,23130570
1/22/2019,156.41,156.73,152.62,153.3,30393970
1/18/2019,157.5,157.88,155.9806,156.82,33751023
1/17/2019,154.2,157.66,153.26,155.86,29821160
1/16/2019,153.08,155.88,153,154.94,30569706
1/15/2019,150.27,153.39,150.05,153.07,28710324
1/14/2019,150.85,151.27,149.22,150,32439186
1/11/2019,152.88,153.7,151.51,152.29,27023241
1/10/2019,152.5,153.97,150.86,153.8,35780670
1/9/2019,151.29,154.53,149.63,153.31,45099081
1/8/2019,149.56,151.82,148.52,150.75,41025314
1/7/2019,148.7,148.83,145.9,147.93,54777764
1/4/2019,144.53,148.5499,143.8,148.26,58607070
1/3/2019,143.98,145.72,142,142.19,91312195
1/2/2019,154.89,158.85,154.23,157.92,37039737
12/31/2018,158.53,159.36,156.48,157.74,35003466
12/28/2018,157.5,158.52,154.55,156.23,42291424
12/27/2018,155.84,156.77,150.07,156.15,53117065
12/26/2018,148.3,157.23,146.72,157.17,58582544
12/24/2018,148.15,151.55,146.59,146.83,37169232
12/21/2018,156.86,158.16,149.63,150.73,95744384
12/20/2018,160.4,162.11,155.3,156.83,64772960
12/19/2018,166,167.45,159.09,160.89,49047297
12/18/2018,165.38,167.53,164.39,166.07,33841518
12/17/2018,165.45,168.35,162.73,163.94,44287922
12/14/2018,169,169.08,165.28,165.48,40703710
12/13/2018,170.49,172.57,169.55,170.95,31897827
12/12/2018,170.4,171.92,169.02,169.1,35627674
12/11/2018,171.66,171.79,167,168.63,47281665
12/10/2018,165,170.09,163.33,169.6,62025994
12/7/2018,173.49,174.49,168.3,168.49,42281631
12/6/2018,171.76,174.78,170.42,174.72,43098410
12/4/2018,180.95,182.3899,176.27,176.69,41344282
12/3/2018,184.46,184.94,181.21,184.82,40798002
11/30/2018,180.29,180.33,177.03,178.58,39531549
11/29/2018,182.66,182.8,177.7,179.55,41769992
11/28/2018,176.73,181.29,174.93,180.94,46062539
11/27/2018,171.51,174.77,170.88,174.24,41387377
11/26/2018,174.24,174.95,170.26,174.62,44998520
11/23/2018,174.94,176.595,172.1,172.29,23623972
11/21/2018,179.73,180.27,176.55,176.78,31124210
11/20/2018,178.37,181.47,175.51,176.98,67825247
11/19/2018,190,190.7,184.99,185.86,41920872
11/16/2018,190.5,194.9695,189.46,193.53,36928253
11/15/2018,188.39,191.97,186.9,191.41,46478801
11/14/2018,193.9,194.48,185.93,186.8,60800957
11/13/2018,191.63,197.18,191.4501,192.23,46882936
11/12/2018,199,199.85,193.79,194.17,51135518
11/9/2018,205.55,206.01,202.25,204.47,34365750
11/8/2018,209.98,210.12,206.75,208.49,25362636
11/7/2018,205.97,210.06,204.13,209.95,33424434
11/6/2018,201.92,204.72,201.69,203.77,31882881
11/5/2018,204.3,204.39,198.17,201.59,66163669
11/2/2018,209.55,213.65,205.43,207.48,91328654
11/1/2018,219.05,222.36,216.81,222.22,58323180
10/31/2018,216.88,220.45,216.62,218.86,38358933
10/30/2018,211.15,215.18,209.27,213.3,36659990
10/29/2018,219.19,219.69,206.09,212.24,45935520
10/26/2018,215.9,220.19,212.67,216.3,47258375
10/25/2018,217.71,221.38,216.75,219.8,29855768
10/24/2018,222.6,224.23,214.54,215.09,40925163
10/23/2018,215.83,223.25,214.7,222.73,38767846
10/22/2018,219.79,223.36,218.94,220.65,28792082
10/19/2018,218.06,221.26,217.43,219.31,33078726
10/18/2018,217.86,219.74,213,216.02,32581315
10/17/2018,222.3,222.64,219.34,221.19,22885397
10/16/2018,218.93,222.99,216.7627,222.15,29183963
10/15/2018,221.16,221.83,217.27,217.36,30791007
10/12/2018,220.42,222.88,216.84,222.11,40337851
10/11/2018,214.52,219.5,212.32,214.45,53124392
10/10/2018,225.46,226.35,216.05,216.36,41990554
10/9/2018,223.64,227.27,222.2462,226.87,26891029
10/8/2018,222.21,224.8,220.2,223.77,29663923
10/5/2018,227.96,228.41,220.58,224.29,33580463
10/4/2018,230.78,232.35,226.73,227.99,32042000
10/3/2018,230.05,233.47,229.78,232.07,28654799
10/2/2018,227.25,230,226.63,229.28,24788170
10/1/2018,227.95,229.42,226.35,227.26,23600802
9/28/2018,224.79,225.84,224.02,225.74,22929364
9/27/2018,223.82,226.44,223.54,224.95,30181227
9/26/2018,221,223.75,219.76,220.42,23984706
9/25/2018,219.75,222.82,219.7,222.19,24554379
9/24/2018,216.82,221.26,216.63,220.79,27693358
9/21/2018,220.78,221.36,217.29,217.66,96246748
9/20/2018,220.24,222.28,219.15,220.03,26608794
9/19/2018,218.5,219.62,215.3,218.37,27123833
9/18/2018,217.79,221.85,217.12,218.24,31571712
9/17/2018,222.15,222.95,217.27,217.88,37195133
9/14/2018,225.75,226.84,222.522,223.84,31999289
9/13/2018,223.52,228.35,222.57,226.41,41706377
9/12/2018,224.94,225,219.84,221.07,49278740
9/11/2018,218.01,224.299,216.56,223.85,35749049
9/10/2018,220.95,221.85,216.47,218.33,39516453
9/7/2018,221.85,225.37,220.71,221.3,37619810
9/6/2018,226.23,227.35,221.3,223.1,34289976
9/5/2018,228.99,229.67,225.1,226.87,33332960
9/4/2018,228.41,229.18,226.63,228.36,27390132
8/31/2018,226.51,228.87,226,227.63,43340134
8/30/2018,223.25,228.26,222.4,225.03,48793824
8/29/2018,220.15,223.49,219.41,222.98,27254804
8/28/2018,219.01,220.54,218.92,219.7,22776766
8/27/2018,217.15,218.74,216.33,217.94,20525117
8/24/2018,216.6,216.9,215.11,216.16,18476356
8/23/2018,214.65,217.05,214.6,215.49,18883224
8/22/2018,214.1,216.36,213.84,215.05,19018131
8/21/2018,216.8,217.19,214.025,215.04,26159755
8/20/2018,218.1,219.18,215.11,215.46,30287695
8/17/2018,213.44,217.95,213.16,217.58,35426997
8/16/2018,211.75,213.8121,211.47,213.32,28500367
8/15/2018,209.22,210.74,208.33,210.24,28807564
8/14/2018,210.155,210.56,208.26,209.75,20748010
8/13/2018,207.7,210.952,207.7,208.87,25890880
8/10/2018,207.36,209.1,206.67,207.53,24611202
8/9/2018,207.28,209.78,207.2,208.88,23492626
8/8/2018,206.05,207.81,204.52,207.25,22525487
8/7/2018,209.32,209.5,206.76,207.11,25587387
8/6/2018,208,209.25,207.07,209.07,25425387
8/3/2018,207.03,208.74,205.4803,207.99,33447396
8/2/2018,200.58,208.38,200.35,207.39,62404012
8/1/2018,199.13,201.76,197.31,201.5,67935716
7/31/2018,190.3,192.14,189.34,190.29,39373038
7/30/2018,191.9,192.2,189.07,189.91,21029535
7/27/2018,194.99,195.19,190.1,190.98,24023972
7/26/2018,194.61,195.96,193.61,194.21,19075964
7/25/2018,193.0602,194.85,192.43,194.82,16826483
7/24/2018,192.45,193.6601,192.05,193,18697898
7/23/2018,190.68,191.96,189.56,191.61,15989365
7/20/2018,191.78,192.43,190.17,191.44,20706042
7/19/2018,189.69,192.55,189.69,191.88,20286752
7/18/2018,191.78,191.8,189.93,190.4,16393381
7/17/2018,189.75,191.87,189.2,191.45,15534523
7/16/2018,191.52,192.65,190.415,190.91,15043110
7/13/2018,191.08,191.84,190.9,191.33,12519792
7/12/2018,189.53,191.41,189.31,191.03,18041131
7/11/2018,188.5,189.7799,187.61,187.88,18831470
7/10/2018,190.71,191.28,190.1801,190.35,15939149
7/9/2018,189.5,190.68,189.3,190.58,19756634
7/6/2018,185.42,188.434,185.2,187.97,17485245
7/5/2018,185.26,186.41,184.28,185.4,16604248
7/3/2018,187.79,187.95,183.54,183.92,13954806
7/2/2018,183.82,187.3,183.42,187.18,17674788
6/29/2018,186.29,187.19,182.91,185.11,22737666
6/28/2018,184.1,186.21,183.8,185.5,17365235
6/27/2018,185.2278,187.28,184.03,184.16,25285328
6/26/2018,182.99,186.53,182.54,184.43,24569201
6/25/2018,183.4,184.92,180.73,182.17,31663096
6/22/2018,186.12,186.15,184.7,184.92,27200447
6/21/2018,187.25,188.35,184.94,185.46,25711898
6/20/2018,186.35,187.2,185.73,186.5,20628701
6/19/2018,185.14,186.33,183.45,185.69,33578455
6/18/2018,187.88,189.22,187.2,188.74,18484865
6/15/2018,190.03,190.16,188.26,188.84,61719160
6/14/2018,191.55,191.57,190.22,190.8,21610074
6/13/2018,192.42,192.88,190.44,190.7,21638393
6/12/2018,191.385,192.611,191.15,192.28,16911141
6/11/2018,191.35,191.97,190.21,191.23,18308460
6/8/2018,191.17,192,189.77,191.7,26656799
6/7/2018,194.14,194.2,192.335,193.46,21347180
6/6/2018,193.63,194.08,191.92,193.98,20933619
6/5/2018,193.065,193.94,192.36,193.31,21565963
6/4/2018,191.635,193.42,191.35,191.83,26266174
6/1/2018,187.9912,190.26,187.75,190.24,23442510
5/31/2018,187.22,188.23,186.14,186.87,27482793
5/30/2018,187.72,188,186.78,187.5,18690547
5/29/2018,187.6,188.75,186.87,187.9,22514075
5/25/2018,188.23,189.65,187.65,188.58,17460963
5/24/2018,188.77,188.84,186.21,188.15,23233975
5/23/2018,186.35,188.5,185.76,188.36,20058415
5/22/2018,188.375,188.88,186.78,187.16,15240704
5/21/2018,188,189.27,186.9106,187.63,18400787
5/18/2018,187.19,187.8102,186.13,186.31,18297728
5/17/2018,188,188.91,186.36,186.99,17294029
5/16/2018,186.07,188.46,186,188.18,19183064
5/15/2018,186.78,187.07,185.1,186.44,23695159
5/14/2018,189.01,189.53,187.86,188.15,20778772
5/11/2018,189.49,190.06,187.45,188.59,26212221
5/10/2018,187.74,190.37,187.65,190.04,27989289
5/9/2018,186.55,187.4,185.22,187.36,23211241
5/8/2018,184.99,186.22,183.665,186.05,28402777
5/7/2018,185.18,187.67,184.75,185.16,42451423
5/4/2018,178.25,184.25,178.17,183.83,56201317
5/3/2018,175.88,177.5,174.4411,176.89,34068180
5/2/2018,175.225,177.75,173.8,176.57,66539371
5/1/2018,166.4102,169.2,165.27,169.1,53569376
4/30/2018,162.1302,167.26,161.84,165.26,42427424
4/27/2018,164,164.33,160.63,162.32,35655839
4/26/2018,164.12,165.73,163.37,164.22,27963014
4/25/2018,162.62,165.42,162.41,163.65,28382084
4/24/2018,165.67,166.33,161.2201,162.94,33692017
4/23/2018,166.8348,166.92,164.09,165.24,36515477
4/20/2018,170.595,171.2184,165.43,165.72,65491140
4/19/2018,174.95,175.39,172.66,172.8,34808800
4/18/2018,177.81,178.82,176.88,177.84,20754538
4/17/2018,176.49,178.9365,176.41,178.24,26605442
4/16/2018,175.0301,176.19,174.8301,175.82,21578420
4/13/2018,174.78,175.84,173.85,174.73,25124255
4/12/2018,173.41,175,173.04,174.14,22889285
4/11/2018,172.23,173.9232,171.7,172.44,22431640
4/10/2018,173,174,171.53,173.25,28614241
4/9/2018,169.88,173.09,169.845,170.05,29017718
4/6/2018,170.97,172.48,168.2,168.38,35005290
4/5/2018,172.58,174.2304,172.08,172.8,26933197
4/4/2018,164.88,172.01,164.77,171.61,34605489
4/3/2018,167.64,168.7455,164.88,168.39,30278046
4/2/2018,167.88,168.94,164.47,166.68,37586791
3/29/2018,167.805,171.75,166.9,167.78,38398505
3/28/2018,167.25,170.02,165.19,166.48,41668545
3/27/2018,173.68,175.15,166.92,168.34,40922579
3/26/2018,168.07,173.1,166.44,172.77,37541236
3/23/2018,168.39,169.92,164.94,164.94,41028784
3/22/2018,170,172.68,168.6,168.85,41490767
3/21/2018,175.04,175.09,171.26,171.27,37054935
3/20/2018,175.24,176.8,174.94,175.24,19649350
3/19/2018,177.32,177.47,173.66,175.3,33446771
3/16/2018,178.65,179.12,177.62,178.02,39404688
3/15/2018,178.5,180.24,178.0701,178.65,22743798
3/14/2018,180.32,180.52,177.81,178.44,29368356
3/13/2018,182.59,183.5,179.24,179.97,31693529
3/12/2018,180.29,182.39,180.21,181.72,32207081
3/9/2018,177.96,180,177.39,179.98,32185162
3/8/2018,175.48,177.12,175.07,176.94,23774107
3/7/2018,174.94,175.85,174.27,175.03,31703462
3/6/2018,177.91,178.25,176.13,176.67,23788506
3/5/2018,175.21,177.74,174.52,176.82,28401366
3/2/2018,172.8,176.3,172.45,176.21,38453950
3/1/2018,178.54,179.775,172.66,175,48801970
2/28/2018,179.26,180.615,178.05,178.12,37782138
2/27/2018,179.1,180.48,178.16,178.39,38928125
2/26/2018,176.35,179.39,176.21,178.97,38162174
2/23/2018,173.67,175.65,173.54,175.5,33812360
2/22/2018,171.8,173.95,171.71,172.5,30991940
2/21/2018,172.83,174.12,171.01,171.07,37471623
2/20/2018,172.05,174.26,171.42,171.85,33930540
2/16/2018,172.36,174.82,171.77,172.43,40176091
2/15/2018,169.79,173.09,169,172.99,51147171
2/14/2018,163.045,167.54,162.88,167.37,40644933
2/13/2018,161.95,164.75,161.65,164.34,32549163
2/12/2018,158.5,163.89,157.51,162.71,60819539
2/9/2018,157.07,157.89,150.24,156.41,70672608
2/8/2018,160.29,161,155.03,155.15,54390516
2/7/2018,163.085,163.4,159.0685,159.54,51608580
2/6/2018,154.83,163.72,154,163.03,68243838
2/5/2018,159.1,163.88,156,156.49,72738522
2/2/2018,166,166.8,160.1,160.5,86593825
2/1/2018,167.165,168.62,166.76,167.78,47230787
1/31/2018,166.87,168.4417,166.5,167.43,32478930
1/30/2018,165.525,167.37,164.7,166.97,46048185
1/29/2018,170.16,170.16,167.07,167.96,50640406
1/26/2018,172,172,170.06,171.51,39143011
1/25/2018,174.505,174.95,170.53,171.11,41529004
1/24/2018,177.25,177.3,173.2,174.22,51105090
1/23/2018,177.3,179.44,176.82,177.04,32689146
1/22/2018,177.3,177.78,176.6016,177,27108551
1/19/2018,178.61,179.58,177.41,178.46,32425067
1/18/2018,179.37,180.1,178.25,179.26,31193352
1/17/2018,176.15,179.25,175.07,179.1,34386836
1/16/2018,177.9,179.39,176.14,176.19,29565947
1/12/2018,176.18,177.36,175.65,177.09,25418080
1/11/2018,174.59,175.4886,174.49,175.28,18667729
1/10/2018,173.16,174.3,173,174.29,23959895
1/9/2018,174.55,175.06,173.41,174.33,21583997
1/8/2018,174.35,175.61,173.93,174.35,20567766
1/5/2018,173.44,175.37,173.05,175,23660018
1/4/2018,172.54,173.47,172.08,173.03,22434597
1/3/2018,172.53,174.55,171.96,172.23,29517899
1/2/2018,170.16,172.3,169.26,172.26,25555934
12/29/2017,170.52,170.59,169.22,169.23,25999922
12/28/2017,171,171.85,170.48,171.08,16480187
12/27/2017,170.1,170.78,169.71,170.6,21498213
12/26/2017,170.8,171.47,169.679,170.57,33185536
12/22/2017,174.68,175.424,174.5,175.01,16349444
12/21/2017,174.17,176.02,174.1,175.01,20949896
12/20/2017,174.87,175.42,173.25,174.35,23475649
12/19/2017,175.03,175.39,174.09,174.54,27436447
12/18/2017,174.88,177.2,174.86,176.42,29421114
12/15/2017,173.63,174.17,172.46,173.97,40169307
12/14/2017,172.4,173.13,171.65,172.22,20476541
12/13/2017,172.5,173.54,172,172.27,23818447
12/12/2017,172.15,172.39,171.461,171.7,19409230
12/11/2017,169.2,172.89,168.79,172.67,35273759
12/8/2017,170.49,171,168.82,169.37,23355231
12/7/2017,169.03,170.44,168.91,169.32,25673308
12/6/2017,167.5,170.2047,166.46,169.01,28560000
12/5/2017,169.06,171.52,168.4,169.64,27350154
12/4/2017,172.48,172.62,169.63,169.8,32542385
12/1/2017,169.95,171.67,168.5,171.05,39759288
11/30/2017,170.43,172.14,168.44,171.85,41527218
11/29/2017,172.63,172.92,167.16,169.48,41666364
11/28/2017,174.3,174.87,171.86,173.07,26428802
11/27/2017,175.05,175.08,173.34,174.09,20716802
11/24/2017,175.1,175.5,174.6459,174.97,14026673
11/22/2017,173.36,175,173.05,174.96,25588925
11/21/2017,170.78,173.7,170.78,173.14,25131295
11/20/2017,170.29,170.56,169.56,169.98,16262447
11/17/2017,171.04,171.39,169.64,170.15,21899544
11/16/2017,171.18,171.87,170.3,171.1,23637484
11/15/2017,169.97,170.3197,168.38,169.08,29158070
11/14/2017,173.04,173.48,171.18,171.34,24782487
11/13/2017,173.5,174.5,173.4,173.97,16982080
11/10/2017,175.11,175.38,174.27,174.67,25145500
11/9/2017,175.11,176.095,173.14,175.88,29185668
11/8/2017,174.66,176.24,174.33,176.24,23907639
11/7/2017,173.91,175.25,173.6,174.81,24361485
11/6/2017,172.365,174.99,171.72,174.25,35026306
11/3/2017,174,174.26,171.12,172.5,59398631
11/2/2017,167.64,168.5,165.28,168.11,41393373
11/1/2017,169.87,169.94,165.61,166.89,33637762
10/31/2017,167.9,169.6499,166.94,169.04,36046828
10/30/2017,163.89,168.07,163.72,166.72,44700772
10/27/2017,159.29,163.6,158.7,163.05,44454160
10/26/2017,157.23,157.8295,156.78,157.41,17000469
10/25/2017,156.91,157.55,155.27,156.41,21207098
10/24/2017,156.29,157.42,156.2,157.1,17757230
10/23/2017,156.89,157.69,155.5,156.17,21984327
10/20/2017,156.61,157.75,155.96,156.25,23974146
10/19/2017,156.75,157.08,155.02,155.98,42584166
10/18/2017,160.42,160.71,159.6,159.76,16374164
10/17/2017,159.78,160.87,159.23,160.47,18997275
10/16/2017,157.9,160,157.65,159.88,24121452
10/13/2017,156.73,157.28,156.41,156.99,16394188
10/12/2017,156.35,157.37,155.7299,156,16125054
10/11/2017,155.97,156.98,155.75,156.55,16905640
10/10/2017,156.055,158,155.1,155.9,15617014
10/9/2017,155.81,156.73,155.485,155.84,16262923
10/6/2017,154.97,155.49,154.56,155.3,17407558
10/5/2017,154.18,155.44,154.05,155.39,21283769
10/4/2017,153.63,153.86,152.46,153.48,20163750
10/3/2017,154.01,155.09,153.91,154.48,16230293
10/2/2017,154.26,154.45,152.72,153.81,18698842
9/29/2017,153.21,154.13,152,154.12,26299810
9/28/2017,153.89,154.28,152.7,153.28,22005455
9/27/2017,153.8,154.7189,153.54,154.23,25504227
9/26/2017,151.78,153.92,151.69,153.14,36660045
9/25/2017,149.99,151.83,149.16,150.55,44387336
9/22/2017,152.02,152.27,150.56,151.89,46645443
9/21/2017,155.8,155.8,152.75,153.39,37511661
9/20/2017,157.9,158.26,153.83,156.07,52951364
9/19/2017,159.51,159.77,158.44,158.73,20810632
9/18/2017,160.11,160.5,157.995,158.67,28269435
9/15/2017,158.47,160.97,158,159.88,49114602
9/14/2017,158.99,159.4,158.09,158.28,23760749
9/13/2017,159.87,159.96,157.91,159.65,44907361
9/12/2017,162.61,163.96,158.77,160.86,71714046
9/11/2017,160.5,162.05,159.89,161.5,31580798
9/8/2017,160.86,161.15,158.53,158.63,28611535
9/7/2017,162.09,162.24,160.36,161.26,21928502
9/6/2017,162.71,162.99,160.52,161.91,21651726
9/5/2017,163.75,164.25,160.56,162.08,29536314
9/1/2017,164.8,164.94,163.63,164.05,16591051
8/31/2017,163.64,164.52,163.48,164,26785096
8/30/2017,163.8,163.89,162.61,163.35,27269584
8/29/2017,160.1,163.12,160,162.91,29516910
8/28/2017,160.14,162,159.93,161.47,25965972
8/25/2017,159.65,160.56,159.27,159.86,25480063
8/24/2017,160.43,160.74,158.55,159.27,19818918
8/23/2017,159.07,160.47,158.88,159.98,19399081
8/22/2017,158.23,160,158.02,159.78,21604585
8/21/2017,157.5,157.89,155.1101,157.21,26368528
8/18/2017,157.86,159.5,156.72,157.5,27428069
8/17/2017,160.52,160.71,157.84,157.86,27940565
8/16/2017,161.94,162.51,160.15,160.95,27671612
8/15/2017,160.66,162.195,160.14,161.6,29465487
8/14/2017,159.32,160.21,158.75,159.85,22122734
8/11/2017,156.6,158.5728,156.07,157.48,26257096
8/10/2017,159.9,160,154.63,155.32,40804273
8/9/2017,159.26,161.27,159.11,161.06,26131530
8/8/2017,158.6,161.83,158.27,160.08,36205896
8/7/2017,157.06,158.92,156.6701,158.81,21870321
8/4/2017,156.07,157.4,155.69,156.39,20559852
8/3/2017,157.05,157.21,155.02,155.57,27097296
8/2/2017,159.28,159.75,156.16,157.14,69936800
8/1/2017,149.1,150.22,148.41,150.05,35368645
7/31/2017,149.9,150.33,148.13,148.73,19845920
7/28/2017,149.89,150.23,149.19,149.5,17213653
7/27/2017,153.75,153.99,147.3,150.56,32476337
7/26/2017,153.35,153.93,153.06,153.46,15780951
7/25/2017,151.8,153.84,151.8,152.74,18853932
7/24/2017,150.58,152.44,149.9,152.09,21493160
7/21/2017,149.99,150.44,148.88,150.27,26252630
7/20/2017,151.5,151.74,150.19,150.34,17243748
7/19/2017,150.48,151.42,149.95,151.02,20922969
7/18/2017,149.2,150.13,148.67,150.08,17868792
7/17/2017,148.82,150.9,148.57,149.56,23793456
7/14/2017,147.97,149.33,147.33,149.04,20132061
7/13/2017,145.5,148.49,145.44,147.77,25199373
7/12/2017,145.87,146.18,144.82,145.74,24884478
7/11/2017,144.73,145.85,144.38,145.53,19781836
7/10/2017,144.11,145.95,143.37,145.06,21090636
7/7/2017,142.9,144.75,142.9,144.18,19201712
7/6/2017,143.02,143.5,142.41,142.73,24128782
7/5/2017,143.69,144.79,142.7237,144.09,21569557
7/3/2017,144.88,145.3,143.1,143.5,14258300
6/30/2017,144.45,144.96,143.78,144.02,23024107
6/29/2017,144.71,145.13,142.28,143.68,31499368
6/28/2017,144.49,146.11,143.1601,145.83,22082432
6/27/2017,145.01,146.16,143.62,143.73,24761891
6/26/2017,147.17,148.28,145.38,145.82,25692361
6/23/2017,145.13,147.16,145.11,146.28,35439389
6/22/2017,145.77,146.7,145.1199,145.63,19106294
6/21/2017,145.52,146.0693,144.61,145.87,21265751
6/20/2017,146.87,146.87,144.94,145.01,24900073
6/19/2017,143.66,146.74,143.66,146.34,32541404
6/16/2017,143.78,144.5,142.2,142.27,50361093
6/15/2017,143.32,144.4798,142.21,144.29,32165373
6/14/2017,147.5,147.5,143.84,145.16,31531232
6/13/2017,147.16,147.45,145.15,146.59,34165445
6/12/2017,145.74,146.09,142.51,145.42,72307330
6/9/2017,155.19,155.19,146.02,148.98,64882657
6/8/2017,155.25,155.54,154.4,154.99,21250798
6/7/2017,155.02,155.98,154.48,155.37,21069647
6/6/2017,153.9,155.81,153.78,154.45,26624926
6/5/2017,154.34,154.45,153.46,153.93,25331662
6/2/2017,153.58,155.45,152.89,155.45,27770715
6/1/2017,153.17,153.33,152.22,153.18,16404088
5/31/2017,153.97,154.17,152.38,152.76,24451164
5/30/2017,153.42,154.43,153.33,153.67,20126851
5/26/2017,154,154.24,153.31,153.61,21927637
5/25/2017,153.73,154.35,153.03,153.87,19235598
5/24/2017,153.84,154.17,152.67,153.34,19219154
5/23/2017,154.9,154.9,153.31,153.8,19918871
5/22/2017,154,154.58,152.91,153.99,22966437
5/19/2017,153.38,153.98,152.63,153.06,26960788
5/18/2017,151.27,153.34,151.13,152.54,33568215
5/17/2017,153.6,154.57,149.71,150.25,50767678
5/16/2017,155.94,156.06,154.72,155.47,20048478
5/15/2017,156.01,156.65,155.05,155.7,26009719
5/12/2017,154.7,156.42,154.67,156.1,32527017
5/11/2017,152.45,154.07,152.31,153.95,27255058
5/10/2017,153.63,153.94,152.11,153.26,25805692
5/9/2017,153.87,154.88,153.45,153.99,39130363
5/8/2017,149.03,153.7,149.03,153.01,48752413
5/5/2017,146.76,148.98,146.76,148.96,27327725
5/4/2017,146.52,147.14,145.81,146.53,23371872
5/3/2017,145.59,147.49,144.27,147.06,45697034
5/2/2017,147.54,148.09,146.84,147.51,45352194
5/1/2017,145.1,147.2,144.96,146.58,33602943
4/28/2017,144.09,144.3,143.27,143.65,20860358
4/27/2017,143.9225,144.16,143.31,143.79,14246347
4/26/2017,144.47,144.6,143.3762,143.68,20041241
4/25/2017,143.91,144.9,143.87,144.53,18871501
4/24/2017,143.5,143.95,143.18,143.64,17116599
4/21/2017,142.44,142.68,141.85,142.27,17320928
4/20/2017,141.22,142.92,141.16,142.44,23319562
4/19/2017,141.88,142,140.45,140.68,17328375
4/18/2017,141.41,142.04,141.11,141.2,14697544
4/17/2017,141.48,141.88,140.87,141.83,16582094
4/13/2017,141.91,142.38,141.05,141.05,17822880
4/12/2017,141.6,142.15,141.01,141.8,20350000
4/11/2017,142.94,143.35,140.06,141.63,30379376
4/10/2017,143.6,143.8792,142.9,143.17,18933397
4/7/2017,143.73,144.18,143.27,143.34,16658543
4/6/2017,144.29,144.52,143.45,143.66,21149034
4/5/2017,144.22,145.46,143.81,144.02,27717854
4/4/2017,143.25,144.89,143.17,144.77,19891354
4/3/2017,143.71,144.12,143.05,143.7,19985714
3/31/2017,143.72,144.27,143.01,143.66,19661651
3/30/2017,144.19,144.5,143.5,143.93,21207252
3/29/2017,143.68,144.49,143.19,144.12,29189955
3/28/2017,140.91,144.04,140.62,143.8,33374805
3/27/2017,139.39,141.22,138.62,140.88,23575094
3/24/2017,141.5,141.74,140.35,140.64,22395563
3/23/2017,141.26,141.5844,140.61,140.92,20346301
3/22/2017,139.845,141.6,139.76,141.42,25860165
3/21/2017,142.11,142.8,139.73,139.84,39529912
3/20/2017,140.4,141.5,140.23,141.46,21542038
3/17/2017,141,141,139.89,139.99,43884952
3/16/2017,140.72,141.02,140.26,140.69,19231998
3/15/2017,139.41,140.7501,139.025,140.46,25691774
3/14/2017,139.3,139.65,138.84,138.99,15309065
3/13/2017,138.85,139.43,138.82,139.2,17421717
3/10/2017,139.25,139.3571,138.64,139.14,19612801
3/9/2017,138.74,138.79,137.05,138.68,22155904
3/8/2017,138.95,139.8,138.82,139,18707236
3/7/2017,139.06,139.98,138.79,139.52,17446297
3/6/2017,139.365,139.77,138.5959,139.34,21750044
3/3/2017,138.78,139.83,138.59,139.78,21571121
3/2/2017,140,140.2786,138.76,138.96,26210984
3/1/2017,137.89,140.15,137.595,139.79,36414585
2/28/2017,137.08,137.435,136.7,136.99,23482860
2/27/2017,137.14,137.435,136.28,136.93,20257426
2/24/2017,135.91,136.66,135.28,136.66,21776585
2/23/2017,137.38,137.48,136.3,136.53,20788186
2/22/2017,136.43,137.12,136.11,137.11,20836932
2/21/2017,136.23,136.75,135.98,136.7,24507156
2/17/2017,135.1,135.83,135.1,135.72,22198197
2/16/2017,135.67,135.9,134.8398,135.345,22584555
2/15/2017,135.52,136.27,134.62,135.51,35623100
2/14/2017,133.47,135.09,133.25,135.02,33226223
2/13/2017,133.08,133.82,132.75,133.29,23035421
2/10/2017,132.46,132.94,132.05,132.12,20065458
2/9/2017,131.65,132.445,131.12,132.42,28349859
2/8/2017,131.35,132.22,131.22,132.04,23004072
2/7/2017,130.54,132.09,130.45,131.53,38183841
2/6/2017,129.13,130.5,128.9,130.29,26845924
2/3/2017,128.31,129.19,128.16,129.08,24507301
2/2/2017,127.975,129.39,127.78,128.53,33710411
2/1/2017,127.03,130.49,127.01,128.75,111985040
1/31/2017,121.15,121.39,120.62,121.35,49200993
1/30/2017,120.93,121.63,120.66,121.63,30377503
1/27/2017,122.14,122.35,121.6,121.95,20562944
1/26/2017,121.67,122.44,121.6,121.94,26337576
1/25/2017,120.42,122.1,120.28,121.88,32586673
1/24/2017,119.55,120.1,119.5,119.97,23211038
1/23/2017,120,120.81,119.77,120.08,22050218
1/20/2017,120.45,120.45,119.7346,120,32597892
1/19/2017,119.4,120.09,119.37,119.78,25597291
1/18/2017,120,120.5,119.71,119.99,23712961
1/17/2017,118.34,120.24,118.22,120,34439843
1/13/2017,119.11,119.62,118.81,119.04,26111948
1/12/2017,118.895,119.3,118.21,119.25,27086220
1/11/2017,118.74,119.93,118.6,119.75,27588593
1/10/2017,118.77,119.38,118.3,119.11,24462051
1/9/2017,117.95,119.43,117.94,118.99,33561948
1/6/2017,116.78,118.16,116.47,117.91,31751900
1/5/2017,115.92,116.8642,115.81,116.61,22193587
1/4/2017,115.85,116.51,115.75,116.02,21118116
1/3/2017,115.8,116.33,114.76,116.15,28781865
12/30/2016,116.65,117.2,115.43,115.82,30586265
12/29/2016,116.45,117.1095,116.4,116.73,15039519
12/28/2016,117.52,118.0166,116.2,116.76,20905892
12/27/2016,116.52,117.8,116.49,117.26,18296855
12/23/2016,115.59,116.52,115.59,116.52,14249484
12/22/2016,116.35,116.51,115.64,116.29,26085854
12/21/2016,116.8,117.4,116.78,117.06,23783165
12/20/2016,116.74,117.5,116.68,116.95,21424965
12/19/2016,115.8,117.38,115.75,116.64,27779423
12/16/2016,116.47,116.5,115.645,115.97,44351134
12/15/2016,115.38,116.73,115.23,115.82,46524544
12/14/2016,115.04,116.2,114.98,115.19,34031834
12/13/2016,113.84,115.92,113.75,115.19,43733811
12/12/2016,113.29,115,112.49,113.3,26374377
12/9/2016,112.31,114.7,112.31,113.95,34402627
12/8/2016,110.86,112.43,110.6,112.12,27068316
12/7/2016,109.26,111.19,109.16,111.03,29998719
12/6/2016,109.5,110.36,109.19,109.95,26195462
12/5/2016,110,110.03,108.25,109.11,34324540
12/2/2016,109.17,110.09,108.85,109.9,26527997
12/1/2016,110.365,110.94,109.03,109.49,37086862
11/30/2016,111.56,112.2,110.27,110.52,36162258
11/29/2016,110.78,112.03,110.07,111.46,28528750
11/28/2016,111.43,112.465,111.39,111.57,27193983
11/25/2016,111.13,111.87,110.95,111.79,11475922
11/23/2016,111.36,111.51,110.33,111.23,27426394
11/22/2016,111.95,112.42,111.4,111.8,25965534
11/21/2016,110.12,111.99,110.01,111.73,29264571
11/18/2016,109.72,110.54,109.66,110.06,28428917
11/17/2016,109.81,110.35,108.83,109.95,27632003
11/16/2016,106.7,110.23,106.6,109.99,58840522
11/15/2016,106.57,107.68,106.1593,107.11,32264510
11/14/2016,107.32,107.809,104.08,105.71,51175504
11/11/2016,106.92,108.87,106.55,108.43,34143898
11/10/2016,111.09,111.09,105.83,107.79,57134541
11/9/2016,109.88,111.32,108.05,110.88,59176361
11/8/2016,110.31,111.72,109.7,111.06,24254179
11/7/2016,110.08,110.51,109.46,110.41,32560000
11/4/2016,108.53,110.25,108.11,108.84,30836997
11/3/2016,110.98,111.46,109.55,109.83,26932602
11/2/2016,111.4,112.35,111.23,111.59,28331709
11/1/2016,113.46,113.77,110.53,111.49,43825812
10/31/2016,113.65,114.23,113.2,113.54,26419398
10/28/2016,113.87,115.21,113.45,113.72,37861662
10/27/2016,115.39,115.86,114.1,114.48,34562045
10/26/2016,114.31,115.7,113.31,115.59,66134219
10/25/2016,117.95,118.36,117.31,118.25,48128970
10/24/2016,117.1,117.74,117,117.65,23538673
10/21/2016,116.81,116.91,116.28,116.6,23192665
10/20/2016,116.86,117.38,116.33,117.06,24125801
10/19/2016,117.25,117.76,113.8,117.12,20034594
10/18/2016,118.18,118.21,117.45,117.47,24553478
10/17/2016,117.33,117.84,116.78,117.55,23624896
10/14/2016,117.88,118.17,117.13,117.63,35652191
10/13/2016,116.79,117.44,115.72,116.98,35192406
10/12/2016,117.35,117.98,116.75,117.34,37586787
10/11/2016,117.7,118.69,116.2,116.3,64041043
10/10/2016,115.02,116.75,114.72,116.05,36235956
10/7/2016,114.31,114.56,113.51,114.06,24358443
10/6/2016,113.7,114.34,113.13,113.89,28779313
10/5/2016,113.4,113.66,112.69,113.05,21453089
10/4/2016,113.06,114.31,112.63,113,29736835
10/3/2016,112.71,113.05,112.28,112.52,21701760
9/30/2016,112.46,113.37,111.8,113.05,36379106
9/29/2016,113.16,113.8,111.8,112.18,35886990
9/28/2016,113.69,114.64,113.43,113.95,29641085
9/27/2016,113,113.18,112.34,113.09,24607412
9/26/2016,111.64,113.39,111.55,112.88,29869442
9/23/2016,114.42,114.79,111.55,112.71,52481151
9/22/2016,114.35,114.94,114,114.62,31073984
9/21/2016,113.85,113.989,112.441,113.55,36003185
9/20/2016,113.05,114.12,112.51,113.57,34514269
9/19/2016,115.19,116.18,113.25,113.58,47023046
9/16/2016,115.12,116.13,114.04,114.92,79886911
9/15/2016,113.86,115.73,113.49,115.57,90613177
9/14/2016,108.73,113.03,108.6,111.77,112340318
9/13/2016,107.51,108.79,107.24,107.95,62176190
9/12/2016,102.65,105.72,102.53,105.44,45292770
9/9/2016,104.64,105.72,103.13,103.13,46556984
9/8/2016,107.25,107.27,105.24,105.52,53002026
9/7/2016,107.83,108.76,107.07,108.36,42364328
9/6/2016,107.9,108.3,107.51,107.7,26880391
9/2/2016,107.7,108,106.82,107.73,26802450
9/1/2016,106.14,106.8,105.62,106.73,26701523
8/31/2016,105.66,106.5699,105.64,106.1,29662406
8/30/2016,105.8,106.5,105.5,106,24863945
8/29/2016,106.62,107.44,106.29,106.82,24970300
8/26/2016,107.41,107.95,106.31,106.94,27766291
8/25/2016,107.39,107.88,106.68,107.57,25086248
8/24/2016,108.565,108.75,107.68,108.03,23675081
8/23/2016,108.59,109.32,108.53,108.85,21257669
8/22/2016,108.86,109.1,107.85,108.51,25820230
8/19/2016,108.77,109.69,108.36,109.36,25368072
8/18/2016,109.23,109.6,109.02,109.08,21984703
8/17/2016,109.1,109.37,108.34,109.22,25355976
8/16/2016,109.63,110.23,109.21,109.38,33794448
8/15/2016,108.14,109.54,108.08,109.48,25868209
8/12/2016,107.78,108.44,107.78,108.18,18660434
8/11/2016,108.52,108.93,107.85,107.93,27484506
8/10/2016,108.71,108.9,107.76,108,24008505
8/9/2016,108.23,108.94,108.01,108.81,26315204
8/8/2016,107.52,108.37,107.16,108.37,28037220
8/5/2016,106.27,107.65,106.18,107.48,40553402
8/4/2016,105.58,106,105.28,105.87,27408650
8/3/2016,104.81,105.84,104.77,105.79,30202641
8/2/2016,106.05,106.07,104,104.48,33816556
8/1/2016,104.41,106.15,104.41,106.05,38167871
7/29/2016,104.19,104.55,103.68,104.21,27733688
7/28/2016,102.83,104.45,102.82,104.34,39869839
7/27/2016,104.265,104.35,102.75,102.95,92344820
7/26/2016,96.82,97.97,96.42,96.67,56239822
7/25/2016,98.25,98.84,96.92,97.34,40382921
7/22/2016,99.26,99.3,98.31,98.66,28313669
7/21/2016,99.83,101,99.13,99.43,32702028
7/20/2016,100,100.46,99.735,99.96,26275968
7/19/2016,99.56,100,99.34,99.87,23779924
7/18/2016,98.7,100.13,98.6,99.83,36493867
7/15/2016,98.92,99.3,98.5,98.78,30136990
7/14/2016,97.39,98.99,97.32,98.79,38918997
7/13/2016,97.41,97.67,96.84,96.87,25892171
7/12/2016,97.17,97.7,97.12,97.42,24167463
7/11/2016,96.75,97.65,96.73,96.98,23794945
7/8/2016,96.49,96.89,96.05,96.68,28912103
7/7/2016,95.7,96.5,95.62,95.94,25139558
7/6/2016,94.6,95.66,94.37,95.53,30949090
7/5/2016,95.39,95.4,94.46,94.99,27705210
7/1/2016,95.49,96.465,95.33,95.89,26026540
6/30/2016,94.44,95.77,94.3,95.6,35836356
6/29/2016,93.97,94.55,93.63,94.4,36531006
6/28/2016,92.9,93.66,92.14,93.59,40444914
6/27/2016,93,93.05,91.5,92.04,46622188
6/24/2016,92.91,94.655,92.65,93.4,75311356
6/23/2016,95.94,96.29,95.25,96.1,32240187
6/22/2016,96.25,96.89,95.35,95.55,29219122
6/21/2016,94.94,96.35,94.676,95.91,35546358
6/20/2016,96,96.57,95.03,95.1,34411901
6/17/2016,96.62,96.65,95.3,95.33,61008219
6/16/2016,96.45,97.75,96.07,97.55,31326815
6/15/2016,97.82,98.41,97.03,97.14,29445227
6/14/2016,97.32,98.475,96.75,97.46,31931944
6/13/2016,98.69,99.12,97.1,97.34,38020494
6/10/2016,98.53,99.3457,98.48,98.83,31712936
6/9/2016,98.5,99.99,98.46,99.65,26601354
6/8/2016,99.02,99.56,98.68,98.94,20848131
6/7/2016,99.25,99.87,98.96,99.03,22409450
6/6/2016,97.99,101.89,97.55,98.63,23292504
6/3/2016,97.79,98.27,97.45,97.92,28504888
6/2/2016,97.6,97.84,96.63,97.72,40191600
6/1/2016,99.02,99.54,98.33,98.46,29173285
5/31/2016,99.6,100.4,98.82,99.86,42307212
5/27/2016,99.44,100.47,99.245,100.35,36341240
5/26/2016,99.68,100.73,98.64,100.41,56331159
5/25/2016,98.67,99.74,98.11,99.62,38642108
5/24/2016,97.22,98.09,96.84,97.9,35140174
5/23/2016,95.87,97.19,95.67,96.43,38018643
5/20/2016,94.64,95.43,94.52,95.22,32025968
5/19/2016,94.64,94.64,93.57,94.2,30442100
5/18/2016,94.16,95.21,93.89,94.56,42062391
5/17/2016,94.55,94.7,93.01,93.49,46916939
5/16/2016,92.39,94.39,91.65,93.88,61259756
5/13/2016,90,91.67,90,90.52,44392765
5/12/2016,92.72,92.78,89.47,90.34,76314690
5/11/2016,93.48,93.57,92.46,92.51,28719109
5/10/2016,93.33,93.57,92.11,93.42,33686836
5/9/2016,93,93.77,92.59,92.79,32936436
5/6/2016,93.37,93.45,91.85,92.72,43699886
5/5/2016,94,94.07,92.68,93.24,35890500
5/4/2016,95.2,95.9,93.82,94.19,41025475
5/3/2016,94.2,95.74,93.68,95.18,56831277
5/2/2016,93.965,94.08,92.4,93.64,48160104
4/29/2016,93.99,94.72,92.51,93.74,68531478
4/28/2016,97.61,97.88,94.25,94.83,82242690
4/27/2016,96,98.71,95.68,97.82,114602142
4/26/2016,103.91,105.3,103.91,104.35,56016165
4/25/2016,105,105.65,104.51,105.08,28031588
4/22/2016,105.01,106.48,104.62,105.68,33683121
4/21/2016,106.93,106.93,105.52,105.97,31552525
4/20/2016,106.64,108.09,106.06,107.13,30611030
4/19/2016,107.88,108,106.23,106.91,32384879
4/18/2016,108.89,108.95,106.94,107.48,60821461
4/15/2016,112.11,112.3,109.73,109.85,46938969
4/14/2016,111.62,112.39,111.33,112.1,25473923
4/13/2016,110.8,112.34,110.8,112.04,33257316
4/12/2016,109.34,110.5,108.66,110.44,27232325
4/11/2016,108.97,110.61,108.83,109.02,29407518
4/8/2016,108.91,109.77,108.17,108.66,23581740
4/7/2016,109.95,110.42,108.121,108.54,31801870
4/6/2016,110.23,110.98,109.2,110.96,26404077
4/5/2016,109.51,110.73,109.42,109.81,26578652
4/4/2016,110.42,112.19,110.27,111.12,37356204
4/1/2016,108.78,110,108.2,109.99,25873950
3/31/2016,109.72,109.9,108.88,108.99,25888449
3/30/2016,108.65,110.42,108.6,109.56,45601149
3/29/2016,104.89,107.79,104.88,107.68,31190083
3/28/2016,106,106.19,105.06,105.19,19411372
3/24/2016,105.47,106.25,104.89,105.67,26132955
3/23/2016,106.48,107.07,105.9,106.13,25703495
3/22/2016,105.25,107.29,105.21,106.72,32444375
3/21/2016,105.93,107.65,105.1401,105.91,35502678
3/18/2016,106.34,106.5,105.19,105.92,44205171
3/17/2016,105.52,106.47,104.96,105.8,34420705
3/16/2016,104.61,106.31,104.59,105.97,38303493
3/15/2016,103.96,105.18,103.85,104.58,40067734
3/14/2016,101.91,102.91,101.78,102.52,25076062
3/11/2016,102.24,102.28,101.5,102.26,27408237
3/10/2016,101.41,102.24,100.15,101.17,33513577
3/9/2016,101.31,101.58,100.27,101.12,27201683
3/8/2016,100.78,101.76,100.4,101.03,31182194
3/7/2016,102.39,102.83,100.96,101.87,35915810
3/4/2016,102.37,103.75,101.37,103.01,46055100
3/3/2016,100.58,101.7099,100.45,101.5,36955742
3/2/2016,100.51,100.89,99.64,100.75,33169560
3/1/2016,97.65,100.77,97.42,100.53,50407147
2/29/2016,96.86,98.23,96.65,96.69,35216277
2/26/2016,97.2,98.0237,96.58,96.91,28991131
2/25/2016,96.05,96.76,95.25,96.76,27582659
2/24/2016,93.98,96.38,93.32,96.1,36255745
2/23/2016,96.4,96.5,94.55,94.69,31942633
2/22/2016,96.31,96.9,95.92,96.88,34280758
2/19/2016,96,96.7599,95.8,96.04,35374173
2/18/2016,98.84,98.89,96.091,96.26,39020983
2/17/2016,96.67,98.21,96.15,98.12,44863243
2/16/2016,95.02,96.85,94.61,96.64,49057916
2/12/2016,94.19,94.5,93.01,93.99,40351381
2/11/2016,93.79,94.72,92.59,93.7,50074711
2/10/2016,95.92,96.35,94.1,94.27,42343601
2/9/2016,94.29,95.94,93.93,94.99,44331195
2/8/2016,93.13,95.7,93.04,95.01,54021375
2/5/2016,96.52,96.92,93.69,94.02,46418064
2/4/2016,95.86,97.33,95.19,96.6,46471652
2/3/2016,95,96.84,94.08,96.35,45964294
2/2/2016,95.42,96.04,94.28,94.48,37357215
2/1/2016,96.47,96.71,95.4,96.43,40943541
1/29/2016,94.79,97.34,94.35,97.34,64416504
1/28/2016,93.79,94.52,92.39,94.09,55678825
1/27/2016,96.04,96.6289,93.34,93.42,133369674
1/26/2016,99.93,100.88,98.07,99.99,75077002
1/25/2016,101.52,101.53,99.21,99.44,51794525
1/22/2016,98.63,101.46,98.37,101.42,65800467
1/21/2016,97.06,97.88,94.94,96.3,52161463
1/20/2016,95.1,98.1897,93.42,96.79,72334416
1/19/2016,98.41,98.65,95.5,96.66,53087747
1/15/2016,96.2,97.71,95.36,97.13,79833891
1/14/2016,97.96,100.48,95.74,99.52,63170127
1/13/2016,100.32,101.19,97.3,97.39,62439631
1/12/2016,100.55,100.69,98.8399,99.96,49154227
1/11/2016,98.97,99.06,97.34,98.53,49739377
1/8/2016,98.55,99.11,96.76,96.96,70798016
1/7/2016,98.68,100.13,96.43,96.45,81094428
1/6/2016,100.56,102.37,99.87,100.7,68457388
1/5/2016,105.75,105.85,102.41,102.71,55790992
1/4/2016,102.61,105.368,102,105.35,67649387
12/31/2015,107.01,107.03,104.82,105.26,40912316
12/30/2015,108.58,108.7,107.18,107.32,25213777
12/29/2015,106.96,109.43,106.86,108.74,30931243
12/28/2015,107.59,107.69,106.1807,106.82,26704210
12/24/2015,109,109,107.95,108.03,13596680
12/23/2015,107.27,108.85,107.2,108.61,32657354
12/22/2015,107.4,107.72,106.451,107.23,32789367
12/21/2015,107.28,107.37,105.57,107.33,47590610
12/18/2015,108.91,109.52,105.81,106.03,96453327
12/17/2015,112.02,112.25,108.98,108.98,44772827
12/16/2015,111.07,111.99,108.8,111.34,56238467
12/15/2015,111.94,112.8,110.35,110.49,53323105
12/14/2015,112.18,112.68,109.79,112.48,65003609
12/11/2015,115.19,115.39,112.851,113.18,46886161
12/10/2015,116.04,116.94,115.51,116.17,29212727
12/9/2015,117.64,117.69,115.08,115.62,46361357
12/8/2015,117.52,118.6,116.86,118.23,34309450
12/7/2015,118.98,119.86,117.81,118.28,32084249
12/4/2015,115.29,119.25,115.11,119.03,57776977
12/3/2015,116.55,116.79,114.22,115.2,41569509
12/2/2015,117.05,118.11,116.08,116.28,33386563
12/1/2015,118.75,118.81,116.86,117.34,34852374
11/30/2015,117.99,119.41,117.75,118.3,39180322
11/27/2015,118.29,118.41,117.6,117.81,13046445
11/25/2015,119.21,119.23,117.92,118.03,21388308
11/24/2015,117.33,119.35,117.12,118.88,42803172
11/23/2015,119.27,119.73,117.34,117.75,32482528
11/20/2015,119.2,119.92,118.85,119.3,34287096
11/19/2015,117.64,119.75,116.76,118.78,43295820
11/18/2015,115.76,117.49,115.5,117.29,46674697
11/17/2015,114.92,115.05,113.32,113.69,27583101
11/16/2015,111.38,114.24,111,114.175,38106701
11/13/2015,115.2,115.57,112.27,112.34,45812403
11/12/2015,116.26,116.82,115.65,115.72,32525579
11/11/2015,116.37,117.42,115.21,116.11,45217971
11/10/2015,116.9,118.07,116.061,116.77,59127931
11/9/2015,120.96,121.81,120.05,120.57,33871405
11/6/2015,121.11,121.81,120.62,121.06,33042283
11/5/2015,121.85,122.69,120.18,120.92,39552680
11/4/2015,123.13,123.82,121.62,122,44886050
11/3/2015,120.79,123.49,120.7,122.57,45518976
11/2/2015,119.87,121.36,119.61,121.18,32203267
10/30/2015,120.99,121.22,119.45,119.5,49365254
10/29/2015,118.7,120.69,118.27,120.53,51227334
10/28/2015,116.93,119.3,116.06,119.27,85551352
10/27/2015,115.4,116.54,113.99,114.55,69884400
10/26/2015,118.08,118.13,114.92,115.28,66333781
10/23/2015,116.7,119.228,116.33,119.08,59366914
10/22/2015,114.33,115.5,114.1,115.5,41654089
10/21/2015,114,115.58,113.7,113.76,42326974
10/20/2015,111.34,114.17,110.82,113.77,48967763
10/19/2015,110.8,111.75,110.11,111.73,29759153
10/16/2015,111.78,112,110.53,111.04,39232609
10/15/2015,110.93,112.1,110.49,111.86,37673452
10/14/2015,111.29,111.52,109.56,110.21,44462449
10/13/2015,110.82,112.45,110.68,111.79,33049256
10/12/2015,112.73,112.75,111.44,111.6,30467204
10/9/2015,110,112.28,109.49,112.12,52766140
10/8/2015,110.19,110.19,108.21,109.5,61979577
10/7/2015,111.74,111.77,109.41,110.78,46765550
10/6/2015,110.63,111.74,109.765,111.31,48856977
10/5/2015,109.88,111.3698,109.07,110.78,52064743
10/2/2015,108.01,111.0136,107.55,110.38,58019758
10/1/2015,109.07,109.62,107.31,109.58,63929100
9/30/2015,110.17,111.54,108.73,109.95,65041596
9/29/2015,112.83,113.51,107.86,109.06,73365384
9/28/2015,113.85,114.57,112.44,112.44,50782189
9/25/2015,116.44,116.69,114.02,114.71,56151926
9/24/2015,113.25,115.5,112.37,115,50219475
9/23/2015,113.63,114.72,113.3,114.32,35756716
9/22/2015,113.38,114.18,112.5201,113.4,50346159
9/21/2015,113.67,115.37,113.66,115.21,50221965
9/18/2015,112.21,114.3,111.87,113.45,74285291
9/17/2015,115.66,116.49,113.715,113.92,64112641
9/16/2015,116.25,116.54,115.44,116.41,37173489
9/15/2015,115.93,116.53,114.42,116.28,43341155
9/14/2015,116.58,116.89,114.86,115.31,58363431
9/11/2015,111.79,114.21,111.76,114.21,49915473
9/10/2015,110.27,113.2825,109.9,112.57,62892831
9/9/2015,113.76,114.02,109.77,110.15,85010804
9/8/2015,111.65,112.56,110.32,112.31,54843626
9/4/2015,108.97,110.45,108.51,109.27,49996311
9/3/2015,112.49,112.78,110.04,110.37,53233940
9/2/2015,110,112.34,109.131,112.34,61888812
9/1/2015,110.18,111.88,107.36,107.72,76845860
8/31/2015,112.13,114.53,112,112.76,56229271
8/28/2015,112.17,113.31,111.54,113.29,53164407
8/27/2015,112.25,113.24,110.02,112.92,84616056
8/26/2015,107.085,109.89,105.05,109.69,96774611
8/25/2015,111.11,111.11,103.5,103.74,103601599
8/24/2015,94.87,108.8,92,103.12,162206292
8/21/2015,110.43,111.9,105.645,105.76,128275471
8/20/2015,114.08,114.35,111.63,112.65,68501622
8/19/2015,116.1,116.52,114.68,115.01,48286510
